{
  "version": 1,
  "author": "Sachin Hore",
  "editor": "wokwi",
  "parts": [
    { "type": "board-esp32-devkit-c-v4", "id": "esp", "top": 0, "left": 0, "attrs": {} },
    { "type": "wokwi-potentiometer", "id": "pot1", "top": -1.3, "left": 182.2, "attrs": {} },
    {
      "type": "wokwi-led",
      "id": "led1",
      "top": 73.2,
      "left": -111.4,
      "attrs": { "color": "red" }
    },
    {
      "type": "wokwi-resistor",
      "id": "r1",
      "top": 157.55,
      "left": -76.8,
      "attrs": { "value": "1000" }
    }
  ],
  "connections": [
    [ "esp:TX", "$serialMonitor:RX", "", [] ],
    [ "esp:RX", "$serialMonitor:TX", "", [] ],
    [ "esp:GND.2", "pot1:GND", "black", [ "v0", "h43.24", "v57.6", "h67.2" ] ],
    [ "pot1:VCC", "esp:5V", "red", [ "v172.8", "h-279.2", "v-38.4" ] ],
    [ "esp:4", "pot1:SIG", "green", [ "h0" ] ],
    [ "esp:13", "r1:2", "green", [ "h0" ] ],
    [ "r1:1", "led1:A", "green", [ "v0", "h-9.6" ] ],
    [ "esp:GND.2", "led1:C", "black", [ "v-57.6", "h-225.56", "v163.2", "h28.8" ] ]
  ],
  "dependencies": {}
}