{
  "version": 1,
  "author": "Sachin Hore",
  "editor": "wokwi",
  "parts": [
    { "type": "board-esp32-devkit-c-v4", "id": "esp", "top": 19.2, "left": 4.84, "attrs": {} },
    { "type": "wokwi-led", "id": "led1", "top": 92.4, "left": 157.4, "attrs": { "color": "red" } }
  ],
  "connections": [
    [ "esp:TX", "$serialMonitor:RX", "", [] ],
    [ "esp:RX", "$serialMonitor:TX", "", [] ],
    [ "esp:4", "led1:A", "green", [ "h76.8", "v0", "h0" ] ],
    [ "led1:C", "esp:GND.2", "green", [ "v9.6", "h-38", "v0" ] ]
  ],
  "dependencies": {}
}