{
  "version": 1,
  "author": "Sachin Hore",
  "editor": "wokwi",
  "parts": [
    { "type": "board-esp32-devkit-c-v4", "id": "esp", "top": 0, "left": -81.56, "attrs": {} },
    { "type": "wokwi-led", "id": "led1", "top": 15.6, "left": 51.8, "attrs": { "color": "red" } },
    {
      "type": "wokwi-led",
      "id": "led2",
      "top": 15.6,
      "left": 99.8,
      "attrs": { "color": "yellow" }
    },
    {
      "type": "wokwi-led",
      "id": "led3",
      "top": 15.6,
      "left": 147.8,
      "attrs": { "color": "limegreen" }
    },
    {
      "type": "wokwi-resistor",
      "id": "r1",
      "top": 138.35,
      "left": 38.4,
      "attrs": { "value": "1000" }
    },
    {
      "type": "wokwi-resistor",
      "id": "r2",
      "top": 119.15,
      "left": 38.4,
      "attrs": { "value": "1000" }
    },
    {
      "type": "wokwi-resistor",
      "id": "r3",
      "top": 99.95,
      "left": 38.4,
      "attrs": { "value": "1000" }
    }
  ],
  "connections": [
    [ "esp:TX", "$serialMonitor:RX", "", [] ],
    [ "esp:RX", "$serialMonitor:TX", "", [] ],
    [ "led1:C", "esp:GND.3", "black", [ "v0" ] ],
    [ "led2:C", "esp:GND.3", "black", [ "v28.8", "h-57.2" ] ],
    [ "led3:C", "esp:GND.3", "black", [ "v0" ] ],
    [ "led1:A", "r3:2", "green", [ "v0", "h28.8", "v48" ] ],
    [ "led2:A", "r2:2", "green", [ "v0" ] ],
    [ "led3:A", "r1:2", "green", [ "v0" ] ],
    [ "r3:1", "esp:18", "green", [ "v0" ] ],
    [ "r2:1", "esp:17", "green", [ "v0" ] ],
    [ "r1:1", "esp:16", "green", [ "v0" ] ]
  ],
  "dependencies": {}
}